{"stats":{"minecraft:picked_up":{"minecraft:stick":1,"minecraft:orange_bed":1,"minecraft:crafting_table":2,"minecraft:green_bed":1,"ars_nouveau:blue_archwood_log":12,"minecraft:spruce_sapling":2,"minecraft:spruce_log":7,"eternal_tales:brown_mushrooms_et":1,"minecraft:furnace":6,"minecraft:lantern":1},"minecraft:crafted":{"minecraft:stick":4,"minecraft:spruce_planks":28,"minecraft:wooden_axe":1,"minecraft:wooden_pickaxe":1},"minecraft:custom":{"minecraft:time_since_rest":5102,"minecraft:open_chest":1,"minecraft:crouch_one_cm":1968,"minecraft:play_time":5102,"minecraft:interact_with_furnace":1,"minecraft:sprint_one_cm":13310,"minecraft:walk_one_cm":19880,"minecraft:sneak_time":326,"minecraft:jump":30,"minecraft:time_since_death":5102,"minecraft:total_world_time":5102,"minecraft:fall_one_cm":1016,"minecraft:interact_with_crafting_table":3,"minecraft:fly_one_cm":8189},"minecraft:mined":{"ars_nouveau:blue_archwood_log":14,"eternal_tales:brown_mushrooms_et":1,"minecraft:furnace":6,"minecraft:spruce_log":7,"minecraft:green_bed":1,"minecraft:crafting_table":2,"minecraft:orange_bed":1},"minecraft:used":{"minecraft:wooden_axe":15,"eternal_tales:eternal_town_spawner":1,"minecraft:crafting_table":1,"minecraft:wooden_pickaxe":6,"eternal_tales:brown_mushrooms_et":1}},"DataVersion":3465}