{"stats":{"minecraft:picked_up":{"minecraft:pumpkin":1,"minecraft:spruce_log":2,"minecraft:oak_fence":1,"ars_nouveau:blue_archwood_sapling":1},"minecraft:crafted":{"minecraft:spruce_planks":8},"minecraft:custom":{"minecraft:jump":14,"minecraft:time_since_rest":5189,"minecraft:sprint_one_cm":34967,"minecraft:play_time":5189,"minecraft:damage_taken":40,"minecraft:time_since_death":5189,"minecraft:walk_one_cm":44734,"minecraft:total_world_time":5189,"minecraft:fly_one_cm":850,"minecraft:open_chest":1},"minecraft:used":{"minecraft:spruce_planks":7},"minecraft:mined":{"minecraft:large_fern":1,"minecraft:spruce_log":2,"minecraft:pumpkin":1,"minecraft:oak_fence":1}},"DataVersion":3465}